Matricula;Nome;Student;ID;SIS Login ID;Section;Módulo 1 Teste de conhecimento (778447);Avaliação do curso (778441);Módulo 2 Teste de conhecimento (778449);Módulo 3 Teste de conhecimento (778450);Módulo 4 Teste de conhecimento (778451);Módulo 5 Teste de conhecimento (778452);Módulo 6 Teste de conhecimento (778453);Módulo 7 Teste de conhecimento (778454);Módulo 8 Teste de conhecimento (778455);Módulo 9 Teste de conhecimento (778456);Módulo 10 Teste de conhecimento (778448);Laboratório 1 - Introdução ao IAM (778442);Laboratório 2 - Crie sua VPC e execute um servidor web (778443);Laboratório 3 - Introdução ao Amazon EC2 (778444);Atividade: AWS Lambda (778440);Atividade: AWS Elastic Beanstalk (778439);Laboratório 4 - Trabalhando com EBS (778445);Laboratório 5 - Crie um servidor de banco de dados e interaja com o banco de dados usando um aplicativo (778446);Laboratório 6 - Ajuste a escala e o balanceamento de carga da arquitetura (778438);Assignments Current Points;Assignments Final Points;Assignments Current Score;Assignments Unposted Current Score;Assignments Final Score;Assignments Unposted Final Score;Knowledge Checks Current Points;Knowledge Checks Final Points;Knowledge Checks Current Score;Knowledge Checks Unposted Current Score;Knowledge Checks Final Score;Knowledge Checks Unposted Final Score;Labs Current Points;Labs Final Points;Labs Current Score;Labs Unposted Current Score;Labs Final Score;Labs Unposted Final Score;Current Points;Final Points;Current Score;Unposted Current Score;Final Score;Unposted Final Score
20219001260;RYAN FERREIRA DE SOUSA;Sousa, Ryan;2818509;ryanfsousa@ufpi.edu.br;AWS Academy Cloud Foundations [77207];100,00;75,00;100,00;100,00;100,00;100,00;100,00;100,00;100,00;100,00;100,00;100,00;100,00;100,00;100,00;100,00;100,00;100,00;100,00;0,00;0,00;;;;;1075,00;1075,00;97,73;97,73;97,73;97,73;800,00;800,00;100,00;100,00;100,00;100,00;1875,00;1875,00;98,68;98,68;98,68;98,68
20209068570;NEEMIAS CALEBE PEREIRA FREIRE;Calebe, Neemias;2818505;miaskaleb3011@ufpi.edu.br;AWS Academy Cloud Foundations [77207];80,00;85,00;80,00;90,00;80,00;100,00;90,00;100,00;90,00;100,00;90,00;75,00;100,00;100,00;100,00;100,00;80,00;100,00;100,00;0,00;0,00;;;;;985,00;985,00;89,55;89,55;89,55;89,55;755,00;755,00;94,38;94,38;94,38;94,38;1740,00;1740,00;91,58;91,58;91,58;91,58
20179000736;FRANCISCO GUILHERME SANTOS FERREIRA;Santos, Guilherme;2819840;guilhermesantos@ufpi.edu.br;AWS Academy Cloud Foundations [77207];90,00;75,00;70,00;90,00;80,00;80,00;80,00;80,00;90,00;70,00;70,00;87,50;100,00;100,00;75,00;100,00;100,00;100,00;100,00;0,00;0,00;;;;;875,00;875,00;79,55;79,55;79,55;79,55;762,50;762,50;95,31;95,31;95,31;95,31;1637,50;1637,50;86,18;86,18;86,18;86,18
20199005767;JOAO VICTOR SANTOS ANDRADE;Andrade, Joao;2819842;judeu@ufpi.edu.br;AWS Academy Cloud Foundations [77207];70,00;70,00;80,00;90,00;80,00;70,00;90,00;80,00;80,00;100,00;90,00;75,00;83,33;100,00;100,00;80,00;100,00;75,00;85,71;0,00;0,00;;;;;900,00;900,00;81,82;81,82;81,82;81,82;699,05;699,05;87,38;87,38;87,38;87,38;1599,05;1599,05;84,16;84,16;84,16;84,16
20209017418;WESLEY VITOR BARBOSA BRANDAO;Brandao, Wesley;2818511;wesleyvitor37417@ufpi.edu.br;AWS Academy Cloud Foundations [77207];100,00;;100,00;100,00;100,00;100,00;100,00;100,00;100,00;100,00;100,00;100,00;100,00;80,00;;;;;;0,00;0,00;;;;;1000,00;1000,00;100,00;100,00;90,91;90,91;280,00;280,00;93,33;93,33;35,00;35,00;1280,00;1280,00;98,46;98,46;67,37;67,37
20209049304;DANIEL LIMA DE SOUSA;Lima, Daniel;2818491;daniellimas2000@ufpi.edu.br;AWS Academy Cloud Foundations [77207];100,00;;90,00;100,00;100,00;80,00;80,00;80,00;;;;100,00;100,00;100,00;100,00;100,00;80,00;;;0,00;0,00;;;;;630,00;630,00;90,00;90,00;57,27;57,27;580,00;580,00;96,67;96,67;72,50;72,50;1210,00;1210,00;93,08;93,08;63,68;63,68
20209002774;JOAO VICTOR MELO DA SILVA;Victor, Joao;2818497;joaovictor.slv@ufpi.edu.br;AWS Academy Cloud Foundations [77207];90,00;;90,00;100,00;100,00;100,00;100,00;100,00;100,00;100,00;100,00;87,50;100,00;;;;;;;0,00;0,00;;;;;980,00;980,00;98,00;98,00;89,09;89,09;187,50;187,50;93,75;93,75;23,44;23,44;1167,50;1167,50;97,29;97,29;61,45;61,45
20219002080;JOAO FILIPE BATISTA E SILVA;Filipe, João;2750194;joaofilipe023@ufpi.edu.br;AWS Academy Cloud Foundations [77207];80,00;;100,00;90,00;90,00;100,00;90,00;80,00;100,00;80,00;100,00;;;;;;;;;0,00;0,00;;;;;910,00;910,00;91,00;91,00;82,73;82,73;0,00;0,00;;;0,00;0,00;910,00;910,00;91,00;91,00;47,89;47,89
20209012897;LANDERSON MIGUEL SANTOS COSTA;Costa, Landerson;2818498;landerson@ufpi.edu.br;AWS Academy Cloud Foundations [77207];70,00;;80,00;80,00;100,00;100,00;90,00;90,00;90,00;90,00;100,00;;;;;;;;;0,00;0,00;;;;;890,00;890,00;89,00;89,00;80,91;80,91;0,00;0,00;;;0,00;0,00;890,00;890,00;89,00;89,00;46,84;46,84
20219010760;RAMON MATHEUS DA SILVA FERNANDES;Matheus, Ramon;2818507;rmfernandes@ufpi.edu.br;AWS Academy Cloud Foundations [77207];80,00;;80,00;90,00;90,00;90,00;80,00;;;;;100,00;100,00;80,00;;;;;;0,00;0,00;;;;;510,00;510,00;85,00;85,00;46,36;46,36;280,00;280,00;93,33;93,33;35,00;35,00;790,00;790,00;87,78;87,78;41,58;41,58
20209003744;FRANCISCO COSME MONTEIRO XAVIER;Xavier, Francisco;2818492;franciscomxcosme@ufpi.edu.br;AWS Academy Cloud Foundations [77207];100,00;;80,00;80,00;100,00;90,00;;;;;;100,00;100,00;100,00;;;;;;0,00;0,00;;;;;450,00;450,00;90,00;90,00;40,91;40,91;300,00;300,00;100,00;100,00;37,50;37,50;750,00;750,00;93,75;93,75;39,47;39,47
20219007980;LUIS GUSTAVO DA SILVA SOUSA;Gustavo, Luis;2818500;luisgustavolg2177@ufpi.edu.br;AWS Academy Cloud Foundations [77207];80,00;;90,00;80,00;80,00;;;;;;;100,00;83,33;100,00;;;100,00;;;0,00;0,00;;;;;330,00;330,00;82,50;82,50;30,00;30,00;383,33;383,33;95,83;95,83;47,92;47,92;713,33;713,33;89,17;89,17;37,54;37,54
20219017529;BENJAMIN SANTOS SILVA;Silva, Benjamim;2818490;benjamin.santos@ufpi.edu.br;AWS Academy Cloud Foundations [77207];100,00;;90,00;100,00;90,00;90,00;;;;;;100,00;100,00;;;;;;;0,00;0,00;;;;;470,00;470,00;94,00;94,00;42,73;42,73;200,00;200,00;100,00;100,00;25,00;25,00;670,00;670,00;95,71;95,71;35,26;35,26
20189004013;MARCELO EDUARDO RUFINO DE OLIVEIRA;Oliveira, Marcelo;2823113;fmarcelo3duardo@ufpi.edu.br;AWS Academy Cloud Foundations [77207];80,00;;80,00;90,00;100,00;;;;;;;87,50;100,00;100,00;;;;;;0,00;0,00;;;;;350,00;350,00;87,50;87,50;31,82;31,82;287,50;287,50;95,83;95,83;35,94;35,94;637,50;637,50;91,07;91,07;33,55;33,55
20219022654;ITALO BORGES DOS SANTOS;Borges, Italo;2818495;italoborges@ufpi.edu.br;AWS Academy Cloud Foundations [77207];90,00;;70,00;90,00;90,00;80,00;;;;;;100,00;83,33;;;;;;;0,00;0,00;;;;;420,00;420,00;84,00;84,00;38,18;38,18;183,33;183,33;91,67;91,67;22,92;22,92;603,33;603,33;86,19;86,19;31,75;31,75
20219000595;LUIS FELIPE CABRAL BRITO;Brito, Luis;2818499;luisfelipe114@ufpi.edu.br;AWS Academy Cloud Foundations [77207];70,00;;80,00;100,00;60,00;;;;;;;100,00;100,00;;;;;;;0,00;0,00;;;;;310,00;310,00;77,50;77,50;28,18;28,18;200,00;200,00;100,00;100,00;25,00;25,00;510,00;510,00;85,00;85,00;26,84;26,84
20219000129;VINICIUS ALVES DE MOURA;Moura, Vinicius;2819843;viniciusmra@ufpi.edu.br;AWS Academy Cloud Foundations [77207];100,00;;80,00;90,00;;;;;;;;100,00;100,00;;;;;;;0,00;0,00;;;;;270,00;270,00;90,00;90,00;24,55;24,55;200,00;200,00;100,00;100,00;25,00;25,00;470,00;470,00;94,00;94,00;24,74;24,74
20219002295;PEDRO FELIPE FERREIRA DE ABREU;Abreu, Pedro;2818506;pedroffda@ufpi.edu.br;AWS Academy Cloud Foundations [77207];80,00;;80,00;90,00;90,00;;;;;;;100,00;;;;;;;;0,00;0,00;;;;;340,00;340,00;85,00;85,00;30,91;30,91;100,00;100,00;100,00;100,00;12,50;12,50;440,00;440,00;88,00;88,00;23,16;23,16
20199030779;JHOISNAYRA VITORIA RODRIGUES DE ALMEIDA;Almeida, Jhoisnayra;2818496;jvrda@ufpi.edu.br;AWS Academy Cloud Foundations [77207];90,00;;90,00;80,00;80,00;;;;;;;;;;;;;;;0,00;0,00;;;;;340,00;340,00;85,00;85,00;30,91;30,91;0,00;0,00;;;0,00;0,00;340,00;340,00;85,00;85,00;17,89;17,89
20199039120;MIKAEL DA SILVA LOPES;Lopes, Mikael;2818504;mikaelslopes@ufpi.edu.br;AWS Academy Cloud Foundations [77207];;;;;;;;;;;;87,50;100,00;100,00;;;;;;0,00;0,00;;;;;0,00;0,00;;;0,00;0,00;287,50;287,50;95,83;95,83;35,94;35,94;287,50;287,50;95,83;95,83;15,13;15,13
20219019630;LUIZ HENRIQUE MESQUITA DE AQUINO;Mesquita, Luiz;2818501;luizmesquitahenrique@ufpi.edu.br;AWS Academy Cloud Foundations [77207];90,00;;100,00;90,00;;;;;;;;;;;;;;;;0,00;0,00;;;;;280,00;280,00;93,33;93,33;25,45;25,45;0,00;0,00;;;0,00;0,00;280,00;280,00;93,33;93,33;14,74;14,74
20209010041;MARCOS VINICIUS RIBEIRO ALENCAR;Vinicius, Marcos;2818502;marcusv.barradas@ufpi.edu.br;AWS Academy Cloud Foundations [77207];80,00;;;;;;;;;;;100,00;100,00;;;;;;;0,00;0,00;;;;;80,00;80,00;80,00;80,00;7,27;7,27;200,00;200,00;100,00;100,00;25,00;25,00;280,00;280,00;93,33;93,33;14,74;14,74
20199011094;ALEXANDRE JOSE CANTUARIA MONTEIRO ROSA FILHO;Jose, Alexandre;2819838;alexandremrosa27@ufpi.edu.br;AWS Academy Cloud Foundations [77207];90,00;;80,00;80,00;;;;;;;;;;;;;;;;0,00;0,00;;;;;250,00;250,00;83,33;83,33;22,73;22,73;0,00;0,00;;;0,00;0,00;250,00;250,00;83,33;83,33;13,16;13,16
20219000719;HIRO YUMI NAKATU;Nakatu, Hiro;2818493;hironakatu@ufpi.edu.br;AWS Academy Cloud Foundations [77207];70,00;;70,00;80,00;;;;;;;;;;;;;;;;0,00;0,00;;;;;220,00;220,00;73,33;73,33;20,00;20,00;0,00;0,00;;;0,00;0,00;220,00;220,00;73,33;73,33;11,58;11,58
20199011512;DAVI JOSE CUNHA SANTOS;Jose, Davi;2838756;davi.josantos@ufpi.edu.br;AWS Academy Cloud Foundations [77207];100,00;;100,00;;;;;;;;;;;;;;;;;0,00;0,00;;;;;200,00;200,00;100,00;100,00;18,18;18,18;0,00;0,00;;;0,00;0,00;200,00;200,00;100,00;100,00;10,53;10,53
20189043610;ISAAC AUGUSTO SANTANA BRITO;Augusto, Isaac;2903163;isaac.augusto@ufpi.edu.br;AWS Academy Cloud Foundations [77207];;;;;;;;;;;;87,50;100,00;;;;;;;0,00;0,00;;;;;0,00;0,00;;;0,00;0,00;187,50;187,50;93,75;93,75;23,44;23,44;187,50;187,50;93,75;93,75;9,87;9,87
20209050584;ICARO GABRYEL DE ARAUJO SILVA;Gabriel, Icaro;2818494;icarogabryel2001@ufpi.edu.br;AWS Academy Cloud Foundations [77207];;;;90,00;;;;;;;;87,50;;;;;;;;0,00;0,00;;;;;90,00;90,00;90,00;90,00;8,18;8,18;87,50;87,50;87,50;87,50;10,94;10,94;177,50;177,50;88,75;88,75;9,34;9,34
20189026960;LUCAS BANDEIRA MIRANDA;Bandeira, Lucas;2819844;lucasbanmir@ufpi.edu.br;AWS Academy Cloud Foundations [77207];100,00;;;;;;;;;;;;;;;;;;;0,00;0,00;;;;;100,00;100,00;100,00;100,00;9,09;9,09;0,00;0,00;;;0,00;0,00;100,00;100,00;100,00;100,00;5,26;5,26
20199006737;ANA LETICIA RODRIGUES DE OLIVEIRA;Oliveira, Ana;2818489;let0210@ufpi.edu.br;AWS Academy Cloud Foundations [77207];90,00;;;;;;;;;;;;;;;;;;;0,00;0,00;;;;;90,00;90,00;90,00;90,00;8,18;8,18;0,00;0,00;;;0,00;0,00;90,00;90,00;90,00;90,00;4,74;4,74
20219006427;ANTONIO CORREIA DA CRUZ JUNIOR;Antonio Junior;2790384;acorreiacruz@ufpi.edu.br;AWS Academy Cloud Foundations [77207];;;;;;;;;;;;;;;;;;;;0,00;0,00;;;;;0,00;0,00;;;0,00;0,00;0,00;0,00;;;0,00;0,00;0,00;0,00;;;0,00;0,00
20179132771;VICENTE CLEYTON GONCALVES DE SOUSA CARVALHO;Carvalho, Vicente;2819839;vicentecarvalho@ufpi.edu.br;AWS Academy Cloud Foundations [77207];;;;;;;;;;;;;;;;;;;;0,00;0,00;;;;;0,00;0,00;;;0,00;0,00;0,00;0,00;;;0,00;0,00;0,00;0,00;;;0,00;0,00
20189028820;WESLLEY DE AQUINO FERREIRA;Ferreira, Weslley;2818512;;AWS Academy Cloud Foundations [77207];;;;;;;;;;;;;;;;;;;;0,00;0,00;;;;;0,00;0,00;;;0,00;0,00;0,00;0,00;;;0,00;0,00;0,00;0,00;;;0,00;0,00
20219012148;VICTOR HUGO DE SOUZA CAMPOS;Hugo, Victor;2818510;vhcampos@ufpi.edu.br;AWS Academy Cloud Foundations [77207];;;;;;;;;;;;;;;;;;;;0,00;0,00;;;;;0,00;0,00;;;0,00;0,00;0,00;0,00;;;0,00;0,00;0,00;0,00;;;0,00;0,00
20189049820;RHUAN MOURA OLIVEIRA MEIRELES DE CARVALHO;Moura, Ruan;2818508;rhuanmourao@ufpi.edu.br;AWS Academy Cloud Foundations [77207];;;;;;;;;;;;;;;;;;;;0,00;0,00;;;;;0,00;0,00;;;0,00;0,00;0,00;0,00;;;0,00;0,00;0,00;0,00;;;0,00;0,00
20199053773;SAMUEL SILVESTRE SILVA BATISTA;Silvestre, Samuel;2819841;sssb@ufpi.edu.br;AWS Academy Cloud Foundations [77207];;;;;;;;;;;;;;;;;;;;0,00;0,00;;;;;0,00;0,00;;;0,00;0,00;0,00;0,00;;;0,00;0,00;0,00;0,00;;;0,00;0,00
20199013606;MATHEUS VINICIUS LINHARES LEMOS DE OLIVEIRA;Vinicius, Matheus;2818503;matheusv@ufpi.edu.br;AWS Academy Cloud Foundations [77207];;;;;;;;;;;;;;;;;;;;0,00;0,00;;;;;0,00;0,00;;;0,00;0,00;0,00;0,00;;;0,00;0,00;0,00;0,00;;;0,00;0,00